label,pred,smoothed,true
0,0,0,0
0,0,0,0
0,0,0,0
0,0,0,0
0,0,0,0
0,0,0,0
0,0,0,0
0,0,0,0
0,0,0,0
0,0,0,0
0,0,0,0
0,0,0,0
0,0,0,0
0,0,0,0
0,0,0,0
0,0,0,0
0,0,1,1
0,0,0,0
0,0,0,0
0,0,0,0
0,0,0,0
0,0,0,0
0,0,0,0
0,0,0,0
0,0,0,0
0,0,0,0
0,0,0,0
0,0,0,0
0,0,0,0
0,0,0,0
0,0,0,0
0,0,0,0
0,0,0,0
0,0,0,0
0,0,0,0
0,0,0,0
0,0,0,0
0,0,0,0
0,0,0,0
0,0,0,0
0,0,0,0
0,0,0,0
0,0,0,0
0,0,0,0
0,0,0,0
0,0,0,0
0,0,0,0
0,0,0,0
0,0,0,0
0,0,0,0
0,0,0,0
0,0,0,0
0,0,0,0
0,0,0,0
0,0,0,0
0,0,0,0
0,0,0,0
0,0,0,0
0,0,0,0
0,0,0,0
0,0,0,0
0,0,0,0
0,0,0,0
0,0,0,0
0,0,0,0
0,0,0,0
0,0,0,0
0,0,0,0
0,0,0,0
0,0,0,0
0,0,0,0
0,0,0,0
0,0,0,0
0,0,0,0
0,0,1,1
0,0,0,0
1,0,1,45
0,0,0,0
0,0,0,0
0,0,0,0
0,0,0,0
0,0,0,0
0,0,1,1
0,0,0,0
0,0,0,0
0,0,0,0
0,0,0,0
0,0,8,8
0,0,0,0
0,0,0,0
0,0,0,0
0,0,0,0
0,0,0,0
0,0,0,0
0,0,0,0
0,0,0,0
0,0,0,0
0,0,0,0
0,0,0,0
0,0,0,0
0,0,0,0
0,0,0,0
1,0,0,27
0,0,2,2
0,0,0,0
0,0,0,0
1,0,2,37
0,0,0,0
0,0,6,6
0,0,0,0
0,0,0,0
0,0,12,12
0,0,3,3
0,0,0,0
0,0,1,1
0,0,0,0
0,0,3,3
0,0,1,1
0,0,5,5
0,0,11,11
0,0,12,12
0,0,12,12
0,0,1,1
0,0,6,6
0,0,0,0
0,0,0,0
0,0,1,1
0,0,3,3
0,0,0,0
0,0,0,0
0,0,0,0
0,0,4,4
0,0,1,1
0,0,1,1
0,0,0,0
0,0,1,1
0,0,0,0
0,0,1,1
0,0,0,0
0,0,0,0
0,0,1,1
0,0,0,0
0,0,0,0
0,0,6,6
0,0,0,0
0,0,0,0
0,0,0,0
0,0,0,0
0,0,0,0
0,0,3,3
0,0,1,1
0,0,0,0
0,0,1,1
0,0,9,9
0,0,0,0
0,0,0,0
0,0,1,1
0,0,0,0
0,0,10,10
0,0,0,0
0,0,0,0
0,0,1,1
0,0,0,0
0,0,0,0
0,0,0,0
0,0,0,0
0,0,1,1
0,0,0,0
0,0,0,0
0,0,1,1
0,0,0,0
0,0,1,1
0,0,5,5
0,0,11,11
0,0,0,0
0,0,0,0
0,0,0,0
0,0,0,0
1,0,11,21
0,0,1,1
0,0,0,0
0,0,0,0
0,0,5,5
0,0,0,0
0,0,1,1
0,0,0,0
0,0,0,0
0,0,0,0
0,0,1,1
0,0,9,9
0,0,0,0
1,0,9,31
0,0,0,0
0,0,1,1
0,0,2,2
0,0,0,0
0,0,9,9
0,0,6,6
0,0,0,0
0,0,0,0
0,0,0,0
0,0,0,0
0,0,0,0
0,0,0,0
0,0,0,0
0,0,0,0
0,0,0,0
0,0,3,3
0,0,8,8
0,0,0,0
0,0,0,0
0,0,0,0
0,0,0,0
0,0,1,1
0,0,4,4
0,0,0,0
0,0,1,1
0,0,0,0
0,0,4,4
0,0,0,0
0,0,0,0
0,0,0,0
0,0,0,0
0,0,0,0
0,0,1,1
0,0,0,0
0,0,0,0
0,0,0,0
0,0,0,0
0,0,0,0
0,0,0,0
0,0,9,9
0,0,0,0
0,0,0,0
0,0,1,1
0,0,0,0
0,0,1,1
0,0,0,0
0,0,0,0
0,0,0,0
0,0,0,0
0,0,0,0
0,0,0,0
0,0,1,1
0,0,0,0
0,0,0,0
0,0,1,1
0,0,0,0
0,0,0,0
0,0,0,0
0,0,3,3
0,0,0,0
0,0,0,0
0,0,0,0
0,0,0,0
0,0,0,0
0,0,0,0
0,0,0,0
0,0,0,0
0,0,0,0
0,0,0,0
0,0,0,0
0,0,0,0
0,0,0,0
0,0,0,0
0,0,0,0
0,0,0,0
0,0,0,0
0,0,0,0
0,0,0,0
0,0,0,0
0,0,0,0
0,0,0,0
0,0,0,0
0,0,0,0
0,0,0,0
0,0,0,0
0,0,0,0
0,0,0,0
0,0,0,0
0,0,0,0
0,0,0,0
0,0,0,0
0,0,0,0
0,0,0,0
0,0,0,0
0,0,0,0
0,0,0,0
0,0,0,0
0,0,0,0
0,0,0,0
0,0,0,0
0,0,0,0
0,0,2,2
0,0,0,0
0,0,0,0
0,0,0,0
0,0,0,0
0,0,0,0
0,0,0,0
0,0,0,0
0,0,0,0
0,0,0,0
0,0,0,0
0,0,0,0
0,0,0,0
0,0,0,0
0,0,0,0
0,0,0,0
0,0,0,0
0,0,0,0
0,0,0,0
0,0,0,0
0,0,0,0
0,0,0,0
0,0,0,0
0,0,0,0
0,0,0,0
0,0,0,0
0,0,0,0
0,0,0,0
0,0,0,0
0,0,0,0
0,0,0,0
0,0,0,0
0,0,0,0
0,0,0,0
0,0,0,0
0,0,0,0
0,0,0,0
0,0,0,0
0,0,0,0
0,0,0,0
0,0,0,0
0,0,0,0
0,0,0,0
0,0,0,0
0,0,0,0
0,0,0,0
0,0,0,0
0,0,0,0
0,0,1,1
0,0,0,0
0,0,0,0
0,0,0,0
0,0,0,0
0,0,0,0
0,0,0,0
0,0,0,0
0,0,0,0
0,0,0,0
0,0,0,0
0,0,0,0
0,0,0,0
0,0,0,0
0,0,0,0
0,0,0,0
0,0,0,0
0,0,0,0
0,0,0,0
0,0,0,0
0,0,0,0
0,0,0,0
0,0,0,0
0,0,0,0
0,0,0,0
0,0,1,1
0,0,3,3
0,0,0,0
0,0,0,0
0,0,0,0
0,0,0,0
0,0,0,0
0,0,6,6
1,0,6,17
0,0,0,0
0,0,0,0
0,0,1,1
0,0,0,0
0,0,0,0
0,0,0,0
0,0,0,0
0,0,3,3
0,0,0,0
0,0,0,0
0,0,8,8
0,0,0,0
0,0,0,0
0,0,0,0
0,0,0,0
0,0,0,0
0,0,2,2
0,0,0,0
0,0,0,0
0,0,0,0
0,0,0,0
0,0,0,0
0,0,0,0
0,0,1,1
0,0,2,2
0,0,0,0
0,0,2,2
0,0,1,1
0,0,0,0
0,0,0,0
0,0,0,0
0,0,1,1
0,0,0,0
0,0,7,7
0,0,3,3
0,0,4,4
0,0,0,0
0,0,7,7
0,0,7,7
0,0,0,0
0,0,0,0
0,0,0,0
0,0,0,0
0,0,0,0
0,0,0,0
0,0,1,1
0,0,0,0
0,0,0,0
0,0,3,3
0,0,1,1
0,0,0,0
0,0,8,8
0,0,0,0
0,0,0,0
0,0,0,0
0,0,0,0
0,0,0,0
0,0,0,0
0,0,0,0
0,0,0,0
0,0,0,0
0,0,0,0
0,0,0,0
0,0,0,0
0,0,0,0
0,0,0,0
0,0,0,0
0,0,0,0
0,0,1,1
0,0,0,0
0,0,3,3
0,0,0,0
0,0,0,0
0,0,0,0
0,0,5,5
0,0,0,0
0,0,0,0
0,0,0,0
0,0,4,4
0,0,3,3
0,0,0,0
0,0,0,0
0,0,0,0
0,0,0,0
0,0,0,0
0,0,0,0
0,0,12,12
0,0,0,0
0,0,4,4
0,0,0,0
0,0,4,4
0,0,9,9
0,0,9,9
1,0,12,17
0,0,2,2
0,0,1,1
0,0,0,0
0,0,0,0
0,0,0,0
0,0,0,0
0,0,3,3
0,0,0,0
0,0,0,0
0,0,7,7
0,0,0,0
0,0,0,0
1,0,7,32
0,0,0,0
0,0,1,1
0,0,0,0
0,0,0,0
0,0,0,0
0,0,0,0
0,0,0,0
0,0,0,0
0,0,0,0
0,0,0,0
0,0,0,0
0,0,0,0
0,0,0,0
0,0,0,0
0,0,0,0
0,0,12,12
0,0,0,0
0,0,0,0
0,0,0,0
0,0,0,0
0,0,13,13
0,0,0,0
0,0,1,1
0,0,0,0
0,0,0,0
0,0,0,0
0,0,0,0
0,0,0,0
0,0,0,0
0,0,0,0
0,0,0,0
0,0,0,0
0,0,0,0
0,0,0,0
0,0,0,0
0,0,0,0
0,0,0,0
0,0,0,0
0,0,0,0
0,0,0,0
0,0,0,0
0,0,0,0
0,0,0,0
0,0,0,0
0,0,0,0
0,0,0,0
0,0,0,0
0,0,1,1
0,0,0,0
0,0,0,0
0,0,0,0
0,0,1,1
0,0,0,0
0,0,0,0
0,0,0,0
0,0,0,0
0,0,0,0
0,0,1,1
0,0,0,0
0,0,0,0
0,0,2,2
0,0,0,0
0,0,0,0
0,0,0,0
0,0,0,0
0,0,0,0
0,0,0,0
0,0,0,0
0,0,0,0
0,0,1,1
0,0,0,0
0,0,0,0
0,0,0,0
0,0,0,0
0,0,0,0
0,0,0,0
0,0,1,1
0,0,0,0
0,0,0,0
0,0,0,0
0,0,0,0
0,0,1,1
0,0,0,0
0,0,0,0
0,0,0,0
0,0,0,0
0,0,0,0
0,0,0,0
0,0,0,0
0,0,0,0
0,0,0,0
0,0,0,0
0,0,0,0
0,0,0,0
0,0,0,0
0,0,0,0
0,0,0,0
0,0,0,0
0,0,0,0
0,0,0,0
0,0,1,1
0,0,0,0
0,0,0,0
0,0,1,1
0,0,0,0
0,0,0,0
0,0,0,0
0,0,0,0
0,0,0,0
0,0,0,0
0,0,0,0
0,0,0,0
0,0,0,0
0,0,0,0
0,0,0,0
0,0,0,0
0,0,0,0
0,0,0,0
0,0,0,0
0,0,0,0
0,0,0,0
0,0,0,0
0,0,2,2
0,0,0,0
0,0,0,0
0,0,0,0
0,0,0,0
0,0,0,0
0,0,0,0
0,0,0,0
0,0,0,0
0,0,0,0
0,0,0,0
0,0,0,0
0,0,0,0
0,0,0,0
0,0,0,0
0,0,0,0
0,0,0,0
0,0,0,0
0,0,0,0
0,0,0,0
0,0,0,0
0,0,0,0
0,0,0,0
0,0,0,0
0,0,0,0
0,0,0,0
0,0,0,0
0,0,0,0
0,0,0,0
0,0,0,0
0,0,0,0
0,0,0,0
0,0,0,0
0,0,0,0
0,0,0,0
0,0,0,0
0,0,0,0
0,0,0,0
0,0,0,0
0,0,0,0
0,0,0,0
0,0,0,0
0,0,0,0
0,0,0,0
0,0,0,0
0,0,0,0
0,0,1,1
0,0,0,0
0,0,0,0
0,0,0,0
0,0,0,0
0,0,2,2
0,0,0,0
0,0,0,0
0,0,0,0
0,0,1,1
0,0,0,0
0,0,0,0
0,0,0,0
0,0,0,0
0,0,0,0
0,0,0,0
0,0,0,0
0,0,0,0
0,0,0,0
0,0,0,0
0,0,0,0
0,0,0,0
0,0,0,0
0,0,13,13
0,0,0,0
0,0,1,1
0,0,1,1
0,0,13,13
0,0,1,1
0,0,2,2
0,0,0,0
0,0,1,1
0,0,0,0
0,0,0,0
0,0,2,2
0,0,1,1
1,0,13,18
0,0,3,3
0,0,1,1
0,0,1,1
0,0,0,0
0,0,0,0
0,0,2,2
0,0,0,0
0,0,0,0
0,0,4,4
0,0,2,2
0,0,2,2
0,0,0,0
0,0,0,0
0,0,0,0
0,0,0,0
0,0,0,0
0,0,0,0
0,0,6,6
0,0,2,2
0,0,6,6
0,0,2,2
0,0,0,0
0,0,2,2
0,0,0,0
0,0,1,1
0,0,12,12
0,0,3,3
0,0,0,0
0,0,0,0
0,0,0,0
0,0,5,5
0,0,0,0
0,0,15,15
0,0,3,3
0,0,3,3
0,0,6,6
0,0,2,2
0,0,1,1
1,0,15,20
0,0,0,0
0,0,1,1
0,0,0,0
0,0,2,2
0,0,4,4
0,0,0,0
0,0,0,0
0,0,0,0
0,0,0,0
0,0,2,2
0,0,0,0
0,0,0,0
0,0,0,0
0,0,8,8
0,0,0,0
0,0,0,0
0,0,0,0
0,0,3,3
1,0,8,20
0,0,2,2
0,0,2,2
0,0,4,4
0,0,0,0
0,0,5,5
1,0,8,19
0,0,2,2
0,0,0,0
0,0,7,7
0,0,1,1
0,0,0,0
0,0,11,11
0,0,0,0
0,0,0,0
0,0,8,8
0,0,0,0
0,0,0,0
0,0,0,0
0,0,2,2
0,0,0,0
0,0,6,6
0,0,7,7
0,0,0,0
0,0,0,0
0,0,2,2
0,0,0,0
0,0,4,4
0,0,0,0
0,0,0,0
0,0,0,0
0,0,7,7
0,0,0,0
0,0,10,10
0,0,0,0
0,0,0,0
1,0,10,20
0,0,0,0
0,0,0,0
0,0,0,0
0,0,1,1
0,0,9,9
0,0,0,0
0,0,0,0
0,0,3,3
0,0,0,0
0,0,1,1
1,0,9,23
0,0,0,0
0,0,0,0
0,0,1,1
0,0,13,13
0,0,0,0
0,0,0,0
0,0,0,0
0,0,0,0
0,0,0,0
0,0,0,0
0,0,1,1
0,0,0,0
0,0,0,0
0,0,1,1
1,0,1,42
0,0,0,0
0,0,1,1
0,0,5,5
0,0,0,0
0,0,0,0
0,0,0,0
0,0,5,5
0,0,0,0
0,0,0,0
0,0,0,0
0,0,0,0
0,0,0,0
0,0,0,0
0,0,0,0
0,0,0,0
0,0,0,0
0,0,0,0
0,0,0,0
0,0,0,0
0,0,0,0
0,0,0,0
0,0,0,0
0,0,0,0
0,0,0,0
0,0,0,0
0,0,0,0
0,0,1,1
0,0,0,0
0,0,0,0
0,0,0,0
0,0,0,0
0,0,0,0
0,0,0,0
0,0,0,0
0,0,0,0
0,0,0,0
0,0,0,0
0,0,0,0
0,0,0,0
0,0,0,0
0,0,0,0
0,0,0,0
0,0,0,0
0,0,0,0
0,0,0,0
0,0,0,0
0,0,0,0
0,0,0,0
0,0,0,0
0,0,1,1
0,0,0,0
0,0,0,0
0,0,0,0
0,0,0,0
0,0,0,0
0,0,0,0
0,0,0,0
0,0,0,0
0,0,0,0
0,0,0,0
0,0,0,0
0,0,0,0
0,0,0,0
0,0,0,0
0,0,0,0
0,0,1,1
0,0,0,0
0,0,0,0
0,0,0,0
0,0,0,0
0,0,0,0
0,0,0,0
0,0,0,0
0,0,0,0
0,0,0,0
0,0,0,0
0,0,0,0
0,0,0,0
0,0,0,0
0,0,0,0
0,0,0,0
0,0,0,0
0,0,0,0
0,0,0,0
0,0,0,0
0,0,0,0
0,0,0,0
0,0,0,0
0,0,0,0
0,0,0,0
0,0,0,0
0,0,0,0
0,0,0,0
0,0,0,0
0,0,0,0
0,0,0,0
0,0,0,0
0,0,0,0
0,0,0,0
0,0,0,0
0,0,0,0
0,0,0,0
0,0,0,0
0,0,0,0
0,0,0,0
0,0,0,0
0,0,0,0
0,0,0,0
0,0,0,0
0,0,0,0
0,0,0,0
0,0,0,0
0,0,0,0
0,0,0,0
0,0,0,0
0,0,0,0
0,0,0,0
0,0,0,0
0,0,0,0
0,0,0,0
0,0,0,0
0,0,0,0
0,0,1,1
0,0,0,0
0,0,0,0
0,0,0,0
0,0,0,0
0,0,0,0
0,0,0,0
0,0,0,0
0,0,0,0
0,0,0,0
0,0,0,0
0,0,0,0
0,0,0,0
0,0,0,0
0,0,0,0
0,0,0,0
0,0,0,0
0,0,0,0
0,0,0,0
0,0,0,0
0,0,0,0
0,0,0,0
0,0,0,0
0,0,4,4
0,0,0,0
0,0,0,0
0,0,0,0
0,0,0,0
0,0,0,0
0,0,0,0
0,0,0,0
0,0,0,0
0,0,0,0
0,0,0,0
0,0,0,0
0,0,1,1
0,0,1,1
0,0,0,0
0,0,0,0
0,0,6,6
0,0,1,1
0,0,6,6
0,0,0,0
0,0,0,0
0,0,4,4
0,0,0,0
0,0,0,0
0,0,2,2
0,0,4,4
0,0,1,1
0,0,3,3
0,0,5,5
0,0,0,0
0,0,7,7
0,0,15,15
0,0,0,0
0,0,14,14
0,0,4,4
0,0,1,1
0,0,0,0
0,0,2,2
0,0,1,1
0,0,0,0
0,0,14,14
0,0,0,0
0,0,0,0
0,0,11,11
0,0,0,0
0,0,0,0
0,0,0,0
1,0,14,25
0,0,2,2
0,0,0,0
0,0,6,6
0,0,1,1
0,0,0,0
0,0,1,1
0,0,1,1
0,0,1,1
0,0,2,2
0,0,9,9
0,0,0,0
0,0,0,0
0,0,0,0
0,0,0,0
0,0,0,0
0,0,5,5
0,0,7,7
0,0,7,7
0,0,2,2
0,0,0,0
0,0,0,0
0,0,10,10
1,0,10,19
0,0,0,0
0,0,0,0
0,0,3,3
0,0,0,0
0,0,0,0
0,0,5,5
0,0,1,1
0,0,0,0
0,0,3,3
0,0,4,4
1,0,5,27
0,0,0,0
0,0,0,0
0,0,0,0
0,0,1,1
0,0,0,0
0,0,0,0
0,0,0,0
0,0,7,7
0,0,0,0
0,0,2,2
0,0,0,0
0,0,2,2
0,0,0,0
0,0,0,0
0,0,0,0
0,0,0,0
0,0,0,0
0,0,4,4
0,0,0,0
0,0,2,2
0,0,1,1
0,0,0,0
0,0,0,0
0,0,2,2
1,0,4,16
0,0,1,1
0,0,2,2
0,0,0,0
0,0,0,0
0,0,0,0
0,0,0,0
0,0,1,1
0,0,0,0
0,0,9,9
0,0,9,9
0,0,0,0
0,0,1,1
0,0,3,3
0,0,3,3
0,0,6,6
0,0,4,4
0,0,0,0
0,0,0,0
0,0,0,0
0,0,0,0
0,0,0,0
0,0,0,0
0,0,1,1
0,0,0,0
0,0,0,0
0,0,0,0
0,0,2,2
0,0,1,1
0,0,0,0
0,0,0,0
0,0,0,0
0,0,0,0
0,0,1,1
0,0,3,3
0,0,6,6
0,0,0,0
0,0,0,0
0,0,0,0
0,0,0,0
1,0,6,17
0,0,1,1
0,0,0,0
0,0,0,0
0,0,0,0
0,0,0,0
0,0,0,0
0,0,0,0
0,0,1,1
0,0,0,0
0,0,0,0
0,0,0,0
0,0,0,0
0,0,9,9
0,0,0,0
0,0,0,0
0,0,0,0
0,0,0,0
0,0,0,0
0,0,0,0
0,0,0,0
0,0,0,0
0,0,0,0
0,0,0,0
0,0,0,0
0,0,2,2
0,0,0,0
0,0,0,0
0,0,0,0
0,0,0,0
0,0,0,0
0,0,0,0
0,0,0,0
0,0,0,0
0,0,0,0
0,0,0,0
0,0,0,0
0,0,0,0
0,0,0,0
0,0,0,0
0,0,0,0
0,0,0,0
0,0,0,0
0,0,0,0
0,0,0,0
0,0,0,0
0,0,0,0
0,0,0,0
0,0,0,0
0,0,0,0
0,0,0,0
0,0,0,0
0,0,0,0
0,0,0,0
0,0,0,0
0,0,0,0
0,0,0,0
0,0,0,0
0,0,0,0
0,0,0,0
0,0,0,0
0,0,0,0
0,0,0,0
0,0,0,0
0,0,0,0
0,0,0,0
0,0,0,0
0,0,0,0
0,0,0,0
0,0,0,0
0,0,0,0
0,0,0,0
0,0,0,0
0,0,0,0
0,0,0,0
0,0,0,0
0,0,0,0
0,0,0,0
0,0,0,0
0,0,0,0
0,0,0,0
0,0,0,0
0,0,0,0
0,0,0,0
0,0,0,0
0,0,0,0
0,0,0,0
0,0,0,0
0,0,0,0
0,0,0,0
0,0,0,0
0,0,0,0
0,0,0,0
0,0,0,0
0,0,0,0
0,0,0,0
0,0,0,0
0,0,0,0
0,0,0,0
0,0,0,0
0,0,0,0
0,0,0,0
0,0,0,0
0,0,0,0
0,0,0,0
0,0,0,0
0,0,0,0
0,0,0,0
0,0,0,0
0,0,0,0
0,0,0,0
0,0,0,0
0,0,0,0
0,0,0,0
0,0,0,0
0,0,0,0
0,0,0,0
0,0,0,0
0,0,0,0
0,0,0,0
0,0,0,0
0,0,0,0
0,0,0,0
0,0,0,0
0,0,0,0
0,0,0,0
0,0,0,0
0,0,0,0
0,0,0,0
0,0,0,0
0,0,0,0
0,0,0,0
0,0,1,1
0,0,0,0
0,0,0,0
0,0,0,0
0,0,0,0
0,0,0,0
0,0,0,0
0,0,0,0
0,0,0,0
0,0,1,1
0,0,0,0
0,0,0,0
0,0,2,2
0,0,1,1
0,0,0,0
0,0,1,1
0,0,0,0
0,0,0,0
0,0,0,0
0,0,7,7
0,0,0,0
0,0,6,6
0,0,15,15
0,0,0,0
0,0,0,0
0,0,3,3
0,0,2,2
0,0,0,0
0,0,1,1
0,0,1,1
0,0,1,1
0,0,1,1
0,0,0,0
1,0,3,17
0,0,1,1
0,0,10,10
0,0,9,9
0,0,5,5
0,0,4,4
0,0,2,2
0,0,0,0
0,0,1,1
0,0,10,10
0,0,7,7
0,0,0,0
0,0,1,1
0,0,7,7
0,0,0,0
0,0,1,1
0,0,2,2
0,0,1,1
0,0,0,0
0,0,0,0
0,0,4,4
0,0,0,0
0,0,0,0
0,0,0,0
0,0,1,1
0,0,1,1
0,0,0,0
0,0,0,0
1,0,4,23
0,0,1,1
0,0,2,2
1,0,4,19
1,0,4,18
0,0,2,2
0,0,5,5
0,0,0,0
0,0,1,1
0,0,1,1
0,0,3,3
0,0,0,0
0,0,0,0
0,0,0,0
0,0,3,3
0,0,3,3
0,0,3,3
0,0,2,2
0,0,6,6
0,0,0,0
0,0,4,4
0,0,0,0
0,0,3,3
0,0,1,1
0,0,7,7
0,0,1,1
0,0,10,10
0,0,0,0
0,0,4,4
0,0,0,0
0,0,2,2
0,0,4,4
0,0,0,0
0,0,13,13
0,0,7,7
0,0,0,0
0,0,1,1
0,0,11,11
0,0,9,9
0,0,15,15
0,0,0,0
0,0,2,2
0,0,0,0
0,0,6,6
0,0,0,0
0,0,1,1
0,0,2,2
0,0,6,6
0,0,2,2
0,0,0,0
0,0,0,0
0,0,1,1
0,0,0,0
0,0,1,1
0,0,4,4
0,0,8,8
0,0,11,11
1,0,11,21
0,0,3,3
1,0,11,17
0,0,9,9
0,0,0,0
0,0,0,0
0,0,0,0
0,0,0,0
0,0,0,0
0,0,1,1
0,0,1,1
0,0,0,0
0,0,0,0
0,0,0,0
0,0,0,0
0,0,1,1
0,0,2,2
0,0,0,0
0,0,5,5
0,0,3,3
0,0,10,10
0,0,5,5
0,0,4,4
0,0,0,0
0,0,0,0
0,0,2,2
0,0,0,0
0,0,0,0
0,0,5,5
0,0,11,11
0,0,0,0
0,0,2,2
0,0,0,0
0,0,8,8
0,0,1,1
0,0,7,7
0,0,0,0
0,0,0,0
0,0,0,0
0,0,13,13
0,0,0,0
0,0,1,1
0,0,0,0
0,0,0,0
0,0,1,1
0,0,0,0
0,0,0,0
0,0,0,0
0,0,0,0
0,0,1,1
0,0,2,2
0,0,0,0
0,0,0,0
0,0,1,1
0,0,7,7
0,0,2,2
0,0,1,1
0,0,0,0
0,0,2,2
0,0,0,0
0,0,0,0
0,0,0,0
0,0,0,0
0,0,0,0
0,0,1,1
0,0,1,1
0,0,2,2
0,0,0,0
0,0,1,1
0,0,0,0
0,0,0,0
0,0,0,0
0,0,0,0
0,0,0,0
0,0,0,0
0,0,0,0
0,0,0,0
0,0,0,0
0,0,0,0
0,0,0,0
0,0,0,0
0,0,0,0
0,0,0,0
0,0,0,0
0,0,0,0
0,0,0,0
0,0,0,0
0,0,0,0
0,0,0,0
0,0,0,0
0,0,0,0
0,0,0,0
0,0,0,0
0,0,0,0
0,0,1,1
0,0,0,0
0,0,0,0
0,0,0,0
0,0,0,0
0,0,0,0
0,0,0,0
0,0,0,0
0,0,0,0
0,0,0,0
0,0,0,0
0,0,0,0
0,0,0,0
0,0,0,0
0,0,0,0
0,0,0,0
0,0,0,0
0,0,0,0
0,0,0,0
0,0,0,0
0,0,0,0
0,0,0,0
0,0,0,0
0,0,0,0
0,0,0,0
0,0,0,0
0,0,0,0
0,0,0,0
0,0,0,0
0,0,0,0
0,0,0,0
0,0,0,0
0,0,0,0
0,0,0,0
0,0,0,0
0,0,0,0
0,0,0,0
0,0,0,0
0,0,0,0
0,0,0,0
0,0,0,0
0,0,0,0
0,0,0,0
0,0,0,0
0,0,0,0
0,0,0,0
0,0,0,0
0,0,0,0
0,0,0,0
0,0,0,0
0,0,0,0
0,0,0,0
0,0,0,0
0,0,0,0
0,0,0,0
0,0,0,0
0,0,0,0
0,0,0,0
0,0,0,0
0,0,0,0
0,0,0,0
0,0,0,0
0,0,0,0
0,0,0,0
0,0,0,0
0,0,0,0
0,0,0,0
0,0,0,0
0,0,0,0
0,0,0,0
0,0,0,0
0,0,0,0
0,0,0,0
0,0,0,0
0,0,0,0
0,0,0,0
0,0,0,0
0,0,0,0
0,0,0,0
0,0,0,0
0,0,0,0
0,0,0,0
0,0,0,0
0,0,0,0
0,0,0,0
0,0,0,0
0,0,0,0
0,0,2,2
0,0,0,0
0,0,0,0
0,0,0,0
0,0,0,0
0,0,1,1
0,0,0,0
0,0,0,0
0,0,0,0
0,0,0,0
0,0,1,1
0,0,5,5
0,0,1,1
0,0,1,1
0,0,4,4
0,0,1,1
0,0,0,0
0,0,0,0
0,0,0,0
0,0,5,5
0,0,12,12
0,0,0,0
0,0,0,0
0,0,0,0
0,0,0,0
0,0,6,6
0,0,1,1
0,0,0,0
0,0,6,6
0,0,0,0
1,0,12,23
0,0,2,2
0,0,1,1
0,0,0,0
0,0,3,3
0,0,0,0
0,0,4,4
0,0,0,0
0,0,14,14
0,0,3,3
0,0,0,0
0,0,2,2
0,0,2,2
0,0,0,0
0,0,1,1
0,0,2,2
0,0,0,0
0,0,0,0
0,0,1,1
0,0,1,1
0,0,1,1
0,0,7,7
0,0,11,11
0,0,4,4
0,0,7,7
0,0,1,1
0,0,0,0
0,0,0,0
0,0,0,0
0,0,0,0
0,0,0,0
0,0,4,4
0,0,6,6
0,0,0,0
0,0,0,0
0,0,4,4
0,0,0,0
0,0,0,0
0,0,1,1
0,0,0,0
0,0,3,3
0,0,7,7
0,0,0,0
0,0,0,0
0,0,1,1
0,0,0,0
0,0,0,0
0,0,0,0
0,0,0,0
0,0,0,0
0,0,3,3
0,0,8,8
0,0,1,1
0,0,9,9
0,0,1,1
0,0,1,1
0,0,1,1
0,0,0,0
0,0,14,14
0,0,0,0
0,0,0,0
0,0,2,2
0,0,0,0
0,0,0,0
0,0,0,0
0,0,0,0
0,0,5,5
0,0,0,0
0,0,12,12
0,0,1,1
0,0,1,1
0,0,0,0
0,0,6,6
1,0,12,22
0,0,0,0
0,0,10,10
0,0,5,5
0,0,0,0
0,0,0,0
0,0,0,0
0,0,12,12
0,0,4,4
0,0,0,0
0,0,0,0
0,0,0,0
0,0,0,0
0,0,4,4
0,0,0,0
0,0,0,0
0,0,0,0
0,0,7,7
0,0,0,0
0,0,1,1
0,0,6,6
0,0,0,0
0,0,2,2
0,0,11,11
0,0,2,2
0,0,0,0
0,0,0,0
0,0,0,0
0,0,7,7
0,0,0,0
0,0,8,8
1,0,11,16
0,0,0,0
0,0,1,1
0,0,2,2
0,0,0,0
0,0,0,0
0,0,0,0
0,0,0,0
0,0,0,0
0,0,3,3
0,0,0,0
0,0,8,8
0,0,0,0
0,0,0,0
0,0,0,0
0,0,0,0
0,0,0,0
0,0,0,0
0,0,0,0
0,0,0,0
0,0,0,0
0,0,0,0
0,0,0,0
0,0,2,2
0,0,0,0
0,0,0,0
0,0,0,0
0,0,0,0
0,0,1,1
0,0,0,0
0,0,0,0
0,0,0,0
0,0,0,0
0,0,0,0
0,0,0,0
0,0,0,0
0,0,0,0
0,0,4,4
0,0,0,0
0,0,0,0
0,0,0,0
0,0,0,0
0,0,0,0
0,0,0,0
0,0,0,0
0,0,0,0
0,0,0,0
0,0,0,0
0,0,0,0
0,0,0,0
0,0,0,0
0,0,0,0
0,0,0,0
0,0,0,0
0,0,0,0
0,0,0,0
0,0,0,0
0,0,0,0
0,0,0,0
0,0,0,0
0,0,0,0
0,0,0,0
0,0,0,0
0,0,0,0
0,0,0,0
0,0,0,0
0,0,0,0
0,0,0,0
0,0,0,0
0,0,0,0
0,0,0,0
0,0,0,0
0,0,0,0
0,0,0,0
0,0,0,0
0,0,0,0
0,0,0,0
0,0,0,0
0,0,0,0
0,0,0,0
0,0,0,0
0,0,0,0
0,0,0,0
0,0,0,0
0,0,0,0
0,0,1,1
0,0,0,0
0,0,0,0
0,0,0,0
0,0,0,0
0,0,0,0
0,0,0,0
0,0,0,0
0,0,0,0
0,0,0,0
0,0,0,0
0,0,0,0
0,0,0,0
0,0,0,0
0,0,0,0
0,0,0,0
0,0,0,0
0,0,0,0
0,0,0,0
0,0,0,0
0,0,0,0
0,0,0,0
0,0,0,0
0,0,0,0
0,0,0,0
0,0,0,0
0,0,0,0
0,0,0,0
0,0,0,0
0,0,0,0
0,0,0,0
0,0,0,0
0,0,0,0
0,0,0,0
0,0,0,0
0,0,0,0
0,0,0,0
0,0,0,0
0,0,0,0
0,0,0,0
0,0,0,0
0,0,0,0
0,0,0,0
0,0,0,0
0,0,0,0
0,0,0,0
0,0,0,0
0,0,0,0
0,0,0,0
0,0,0,0
0,0,0,0
0,0,0,0
0,0,0,0
0,0,0,0
0,0,5,5
0,0,0,0
0,0,0,0
0,0,0,0
0,0,0,0
0,0,1,1
0,0,0,0
0,0,0,0
0,0,0,0
0,0,3,3
0,0,2,2
0,0,0,0
1,0,3,28
0,0,0,0
0,0,0,0
0,0,1,1
0,0,0,0
0,0,0,0
0,0,0,0
0,0,0,0
0,0,0,0
0,0,6,6
0,0,0,0
0,0,0,0
0,0,0,0
0,0,7,7
0,0,8,8
0,0,1,1
0,0,1,1
0,0,1,1
0,0,0,0
0,0,2,2
0,0,6,6
0,0,7,7
0,0,1,1
0,0,0,0
0,0,0,0
0,0,3,3
0,0,1,1
0,0,0,0
0,0,14,14
0,0,2,2
0,0,0,0
0,0,8,8
0,0,0,0
0,0,2,2
0,0,6,6
1,0,14,27
0,0,7,7
0,0,13,13
0,0,15,15
1,0,15,18
1,0,15,20
0,0,0,0
0,0,5,5
0,0,1,1
0,0,4,4
0,0,0,0
0,0,9,9
0,0,11,11
1,0,15,21
0,0,11,11
0,0,3,3
0,0,0,0
0,0,0,0
0,0,0,0
0,0,0,0
0,0,0,0
0,0,0,0
1,0,15,29
0,0,2,2
0,0,0,0
0,0,3,3
0,0,7,7
0,0,8,8
0,0,7,7
0,0,1,1
1,0,15,17
0,0,0,0
0,0,3,3
0,0,6,6
0,0,0,0
0,0,7,7
0,0,0,0
0,0,1,1
0,0,0,0
0,0,0,0
0,0,4,4
0,0,0,0
0,0,6,6
0,0,2,2
0,0,1,1
0,0,0,0
0,0,8,8
0,0,0,0
0,0,7,7
0,0,4,4
0,0,0,0
0,0,14,14
0,0,3,3
0,0,0,0
0,0,0,0
1,0,14,17
0,0,2,2
0,0,14,14
1,0,14,21
0,0,11,11
0,0,1,1
0,0,1,1
0,0,6,6
0,0,3,3
0,0,8,8
0,0,0,0
0,0,0,0
0,0,1,1
0,0,2,2
0,0,9,9
0,0,2,2
0,0,0,0
0,0,8,8
0,0,6,6
0,0,0,0
0,0,3,3
0,0,3,3
0,0,0,0
0,0,1,1
0,0,3,3
0,0,11,11
0,0,1,1
0,0,1,1
0,0,1,1
0,0,4,4
0,0,9,9
0,0,11,11
0,0,12,12
1,0,12,33
0,0,9,9
1,0,12,16
0,0,0,0
0,0,8,8
0,0,6,6
0,0,1,1
0,0,10,10
0,0,0,0
0,0,8,8
0,0,4,4
0,0,0,0
0,0,0,0
0,0,1,1
0,0,0,0
0,0,0,0
0,0,2,2
0,0,4,4
0,0,2,2
0,0,3,3
0,0,0,0
0,0,0,0
0,0,0,0
0,0,0,0
0,0,0,0
0,0,0,0
0,0,11,11
0,0,6,6
0,0,1,1
0,0,0,0
0,0,8,8
0,0,0,0
0,0,1,1
0,0,8,8
0,0,6,6
0,0,0,0
0,0,0,0
0,0,0,0
0,0,0,0
0,0,0,0
0,0,0,0
0,0,0,0
0,0,0,0
0,0,0,0
0,0,0,0
0,0,0,0
0,0,0,0
0,0,0,0
0,0,0,0
0,0,0,0
0,0,0,0
0,0,0,0
0,0,1,1
0,0,0,0
0,0,0,0
0,0,0,0
0,0,0,0
0,0,0,0
0,0,0,0
0,0,1,1
0,0,0,0
0,0,0,0
0,0,0,0
0,0,0,0
0,0,4,4
0,0,0,0
0,0,0,0
0,0,0,0
0,0,0,0
0,0,0,0
0,0,0,0
0,0,0,0
0,0,0,0
0,0,0,0
0,0,0,0
0,0,0,0
0,0,0,0
0,0,0,0
0,0,0,0
0,0,0,0
0,0,0,0
0,0,0,0
0,0,0,0
0,0,0,0
0,0,0,0
0,0,0,0
0,0,0,0
0,0,0,0
0,0,0,0
0,0,0,0
0,0,0,0
0,0,0,0
0,0,0,0
0,0,0,0
0,0,0,0
0,0,0,0
0,0,0,0
0,0,0,0
0,0,0,0
0,0,0,0
0,0,0,0
0,0,0,0
0,0,0,0
0,0,0,0
0,0,0,0
0,0,0,0
0,0,0,0
0,0,0,0
0,0,0,0
0,0,0,0
0,0,0,0
0,0,0,0
0,0,0,0
0,0,0,0
0,0,0,0
0,0,0,0
0,0,0,0
0,0,0,0
0,0,0,0
0,0,0,0
0,0,0,0
0,0,0,0
0,0,0,0
0,0,0,0
0,0,0,0
0,0,0,0
0,0,0,0
0,0,0,0
0,0,0,0
0,0,0,0
0,0,0,0
0,0,0,0
0,0,0,0
0,0,0,0
0,0,0,0
0,0,0,0
0,0,0,0
0,0,0,0
0,0,0,0
0,0,0,0
0,0,0,0
0,0,0,0
0,0,0,0
0,0,0,0
0,0,0,0
0,0,0,0
0,0,0,0
0,0,0,0
0,0,0,0
0,0,0,0
0,0,0,0
0,0,0,0
0,0,0,0
0,0,6,6
0,0,0,0
0,0,0,0
0,0,0,0
0,0,0,0
0,0,0,0
0,0,0,0
0,0,0,0
0,0,0,0
0,0,0,0
0,0,0,0
0,0,0,0
0,0,0,0
0,0,0,0
0,0,0,0
0,0,1,1
0,0,0,0
0,0,0,0
0,0,0,0
0,0,0,0
0,0,0,0
0,0,0,0
0,0,0,0
0,0,0,0
1,0,1,17
0,0,0,0
0,0,0,0
0,0,0,0
0,0,0,0
0,0,0,0
0,0,0,0
0,0,0,0
0,0,0,0
0,0,0,0
0,0,3,3
0,0,0,0
0,0,6,6
0,0,3,3
0,0,1,1
0,0,0,0
0,0,7,7
0,0,5,5
0,0,11,11
0,0,0,0
0,0,3,3
0,0,0,0
0,0,2,2
0,0,1,1
0,0,9,9
0,0,8,8
0,0,0,0
0,0,0,0
0,0,1,1
0,0,0,0
0,0,3,3
0,0,10,10
0,0,1,1
0,0,0,0
0,0,5,5
0,0,0,0
0,0,9,9
0,0,0,0
0,0,0,0
0,0,1,1
0,0,13,13
0,0,2,2
0,0,0,0
0,0,0,0
0,0,0,0
1,0,13,21
0,0,3,3
0,0,0,0
0,0,5,5
0,0,1,1
0,0,0,0
0,0,0,0
0,0,3,3
0,0,0,0
0,0,0,0
0,0,0,0
0,0,0,0
0,0,0,0
0,0,2,2
0,0,0,0
0,0,0,0
0,0,15,15
0,0,14,14
0,0,0,0
0,0,0,0
0,0,0,0
0,0,0,0
0,0,11,11
0,0,1,1
0,0,1,1
0,0,1,1
0,0,2,2
0,0,1,1
0,0,0,0
0,0,0,0
0,0,0,0
0,0,12,12
1,0,12,25
1,0,12,35
1,0,12,37
0,0,1,1
0,0,8,8
0,0,0,0
0,0,0,0
0,0,1,1
0,0,5,5
0,0,0,0
0,0,0,0
0,0,0,0
0,0,0,0
0,0,5,5
0,0,0,0
0,0,0,0
0,0,0,0
0,0,0,0
0,0,0,0
0,0,4,4
0,0,0,0
0,0,6,6
0,0,0,0
0,0,0,0
0,0,0,0
0,0,0,0
0,0,0,0
0,0,6,6
0,0,8,8
0,0,1,1
0,0,0,0
0,0,0,0
0,0,1,1
0,0,0,0
0,0,0,0
0,0,0,0
0,0,2,2
0,0,0,0
0,0,0,0
0,0,0,0
0,0,0,0
0,0,4,4
0,0,0,0
0,0,0,0
0,0,0,0
0,0,0,0
0,0,0,0
0,0,0,0
0,0,11,11
0,0,0,0
0,0,3,3
0,0,5,5
0,0,0,0
0,0,0,0
0,0,0,0
0,0,0,0
0,0,0,0
0,0,9,9
0,0,10,10
0,0,0,0
0,0,13,13
0,0,0,0
0,0,0,0
0,0,0,0
0,0,0,0
0,0,1,1
0,0,6,6
0,0,0,0
0,0,0,0
0,0,0,0
0,0,0,0
0,0,0,0
0,0,0,0
0,0,3,3
0,0,0,0
0,0,0,0
0,0,0,0
0,0,0,0
0,0,0,0
0,0,0,0
0,0,1,1
0,0,0,0
0,0,0,0
0,0,5,5
0,0,0,0
0,0,0,0
0,0,0,0
0,0,0,0
0,0,8,8
0,0,0,0
0,0,0,0
0,0,0,0
0,0,0,0
0,0,0,0
0,0,0,0
0,0,0,0
0,0,0,0
0,0,0,0
0,0,0,0
0,0,0,0
0,0,0,0
0,0,3,3
0,0,0,0
0,0,0,0
0,0,0,0
0,0,0,0
0,0,0,0
0,0,0,0
0,0,0,0
0,0,0,0
0,0,0,0
0,0,0,0
0,0,0,0
0,0,0,0
0,0,0,0
0,0,0,0
0,0,0,0
0,0,0,0
0,0,0,0
0,0,0,0
0,0,0,0
0,0,0,0
0,0,0,0
0,0,0,0
0,0,0,0
0,0,0,0
0,0,0,0
0,0,0,0
0,0,0,0
0,0,0,0
0,0,0,0
0,0,0,0
0,0,0,0
0,0,0,0
0,0,0,0
0,0,0,0
0,0,0,0
0,0,0,0
0,0,0,0
0,0,0,0
0,0,0,0
0,0,0,0
0,0,0,0
0,0,0,0
0,0,0,0
0,0,0,0
0,0,0,0
0,0,0,0
0,0,0,0
0,0,0,0
0,0,0,0
0,0,0,0
0,0,0,0
0,0,0,0
0,0,0,0
0,0,0,0
0,0,0,0
0,0,0,0
0,0,0,0
0,0,0,0
0,0,0,0
0,0,0,0
0,0,0,0
0,0,0,0
0,0,0,0
0,0,0,0
0,0,0,0
0,0,0,0
0,0,0,0
0,0,0,0
0,0,0,0
0,0,0,0
0,0,0,0
0,0,0,0
0,0,0,0
0,0,0,0
0,0,0,0
0,0,0,0
0,0,0,0
0,0,0,0
0,0,0,0
0,0,0,0
0,0,0,0
0,0,0,0
0,0,0,0
0,0,0,0
0,0,0,0
0,0,0,0
0,0,0,0
0,0,0,0
0,0,0,0
0,0,0,0
0,0,0,0
0,0,0,0
0,0,0,0
0,0,0,0
0,0,0,0
0,0,0,0
0,0,3,3
0,0,0,0
0,0,0,0
0,0,0,0
0,0,0,0
0,0,0,0
0,0,0,0
0,0,0,0
0,0,0,0
0,0,0,0
0,0,0,0
0,0,0,0
0,0,0,0
0,0,0,0
0,0,0,0
0,0,0,0
0,0,0,0
0,0,0,0
0,0,0,0
0,0,1,1
0,0,0,0
0,0,0,0
0,0,3,3
0,0,0,0
1,0,3,25
0,0,1,1
0,0,0,0
0,0,0,0
0,0,2,2
1,0,3,17
0,0,2,2
0,0,1,1
0,0,0,0
0,0,7,7
0,0,0,0
0,0,0,0
0,0,0,0
0,0,1,1
0,0,1,1
0,0,0,0
0,0,0,0
0,0,3,3
0,0,0,0
1,0,7,24
1,0,7,28
0,0,0,0
0,0,5,5
0,0,1,1
0,0,0,0
0,0,0,0
0,0,1,1
0,0,6,6
0,0,0,0
0,0,0,0
0,0,0,0
0,0,0,0
0,0,1,1
0,0,0,0
0,0,1,1
0,0,2,2
0,0,1,1
0,0,0,0
0,0,2,2
0,0,5,5
0,0,14,14
0,0,1,1
0,0,0,0
0,0,0,0
0,0,6,6
0,0,2,2
0,0,7,7
0,0,3,3
0,0,0,0
0,0,1,1
0,0,0,0
0,0,0,0
0,0,0,0
0,0,0,0
0,0,0,0
0,0,11,11
1,0,11,21
0,0,3,3
0,0,7,7
0,0,12,12
0,0,11,11
0,0,0,0
0,0,0,0
0,0,0,0
0,0,2,2
0,0,0,0
1,0,12,34
0,0,0,0
0,0,1,1
0,0,0,0
0,0,2,2
0,0,6,6
0,0,1,1
0,0,0,0
0,0,0,0
0,0,1,1
0,0,1,1
0,0,0,0
0,0,0,0
0,0,0,0
0,0,0,0
0,0,0,0
0,0,0,0
0,0,0,0
0,0,0,0
0,0,0,0
1,0,1,30
0,0,0,0
0,0,2,2
0,0,0,0
0,0,0,0
0,0,0,0
0,0,0,0
0,0,1,1
0,0,5,5
0,0,4,4
0,0,11,11
0,0,1,1
0,0,0,0
0,0,2,2
0,0,6,6
0,0,2,2
0,0,4,4
0,0,0,0
0,0,1,1
0,0,0,0
0,0,0,0
0,0,2,2
0,0,8,8
0,0,2,2
0,0,0,0
0,0,0,0
0,0,0,0
0,0,0,0
0,0,0,0
0,0,0,0
0,0,3,3
0,0,0,0
0,0,0,0
0,0,0,0
0,0,1,1
0,0,0,0
0,0,1,1
0,0,0,0
0,0,0,0
0,0,0,0
0,0,0,0
0,0,0,0
0,0,1,1
0,0,0,0
0,0,0,0
0,0,0,0
0,0,0,0
0,0,0,0
0,0,0,0
0,0,0,0
0,0,0,0
0,0,0,0
0,0,0,0
0,0,0,0
0,0,0,0
0,0,0,0
0,0,0,0
0,0,0,0
0,0,0,0
0,0,0,0
0,0,0,0
0,0,0,0
0,0,0,0
0,0,0,0
0,0,0,0
0,0,0,0
0,0,0,0
0,0,0,0
0,0,7,7
0,0,0,0
0,0,0,0
0,0,0,0
0,0,0,0
0,0,0,0
0,0,0,0
0,0,0,0
0,0,0,0
0,0,0,0
0,0,0,0
0,0,0,0
0,0,0,0
0,0,0,0
0,0,0,0
0,0,0,0
0,0,0,0
0,0,0,0
0,0,0,0
0,0,0,0
0,0,0,0
0,0,0,0
0,0,0,0
0,0,0,0
0,0,0,0
0,0,0,0
0,0,0,0
0,0,0,0
0,0,0,0
0,0,0,0
0,0,0,0
0,0,0,0
0,0,0,0
0,0,0,0
0,0,0,0
0,0,0,0
0,0,0,0
0,0,0,0
0,0,0,0
0,0,0,0
0,0,0,0
0,0,0,0
0,0,0,0
0,0,0,0
0,0,0,0
0,0,0,0
0,0,0,0
0,0,0,0
0,0,0,0
0,0,0,0
0,0,0,0
0,0,0,0
0,0,0,0
0,0,0,0
0,0,0,0
0,0,0,0
0,0,0,0
0,0,0,0
0,0,0,0
0,0,0,0
0,0,0,0
0,0,0,0
0,0,0,0
0,0,0,0
0,0,0,0
0,0,0,0
0,0,0,0
0,0,0,0
0,0,0,0
0,0,0,0
0,0,0,0
0,0,0,0
0,0,0,0
0,0,0,0
0,0,0,0
0,0,0,0
0,0,0,0
0,0,0,0
0,0,0,0
0,0,0,0
0,0,0,0
0,0,0,0
0,0,0,0
0,0,0,0
0,0,0,0
0,0,0,0
0,0,0,0
0,0,0,0
0,0,0,0
0,0,0,0
0,0,0,0
0,0,0,0
0,0,1,1
0,0,0,0
0,0,0,0
0,0,0,0
0,0,0,0
0,0,0,0
0,0,0,0
0,0,0,0
0,0,0,0
0,0,0,0
0,0,0,0
0,0,0,0
0,0,0,0
0,0,0,0
0,0,0,0
0,0,0,0
0,0,0,0
0,0,0,0
0,0,0,0
0,0,0,0
0,0,0,0
0,0,0,0
0,0,0,0
0,0,0,0
0,0,1,1
0,0,0,0
0,0,0,0
0,0,1,1
0,0,0,0
0,0,0,0
0,0,2,2
0,0,0,0
0,0,0,0
1,0,2,19
0,0,0,0
0,0,1,1
0,0,1,1
0,0,1,1
0,0,1,1
0,0,0,0
0,0,3,3
0,0,0,0
0,0,0,0
0,0,0,0
0,0,0,0
0,0,0,0
0,0,0,0
1,0,3,21
0,0,0,0
0,0,5,5
0,0,0,0
0,0,5,5
0,0,7,7
0,0,0,0
0,0,0,0
0,0,1,1
0,0,2,2
0,0,0,0
0,0,0,0
0,0,0,0
0,0,0,0
0,0,1,1
0,0,0,0
0,0,0,0
0,0,0,0
0,0,0,0
0,0,1,1
0,0,15,15
0,0,6,6
0,0,0,0
0,0,1,1
0,0,1,1
0,0,0,0
0,0,0,0
1,0,15,26
0,0,5,5
0,0,0,0
0,0,1,1
0,0,1,1
0,0,0,0
0,0,1,1
0,0,0,0
0,0,0,0
0,0,10,10
0,0,0,0
0,0,0,0
0,0,1,1
0,0,0,0
0,0,0,0
0,0,0,0
0,0,0,0
0,0,12,12
0,0,0,0
0,0,1,1
0,0,0,0
0,0,0,0
0,0,7,7
0,0,0,0
0,0,2,2
0,0,0,0
0,0,5,5
0,0,1,1
0,0,1,1
0,0,2,2
0,0,0,0
0,0,2,2
0,0,8,8
0,0,0,0
0,0,0,0
1,0,8,23
0,0,10,10
0,0,12,12
0,0,0,0
0,0,1,1
0,0,0,0
0,0,0,0
0,0,2,2
1,0,12,19
0,0,9,9
0,0,8,8
0,0,1,1
0,0,0,0
0,0,0,0
0,0,6,6
0,0,0,0
0,0,2,2
0,0,7,7
0,0,0,0
0,0,1,1
0,0,0,0
0,0,0,0
0,0,0,0
0,0,3,3
0,0,7,7
0,0,0,0
0,0,0,0
0,0,4,4
0,0,1,1
0,0,1,1
0,0,0,0
1,0,7,19
0,0,14,14
0,0,1,1
1,0,14,30
0,0,0,0
0,0,0,0
0,0,0,0
0,0,3,3
0,0,0,0
0,0,0,0
0,0,0,0
0,0,0,0
0,0,2,2
0,0,0,0
0,0,10,10
0,0,3,3
0,0,0,0
0,0,0,0
0,0,0,0
0,0,0,0
0,0,1,1
0,0,0,0
0,0,1,1
0,0,6,6
0,0,2,2
0,0,0,0
0,0,0,0
0,0,0,0
0,0,0,0
0,0,0,0
0,0,0,0
0,0,0,0
0,0,1,1
0,0,0,0
0,0,0,0
0,0,0,0
1,0,1,34
0,0,1,1
0,0,2,2
0,0,0,0
0,0,0,0
0,0,1,1
0,0,5,5
0,0,0,0
0,0,1,1
0,0,0,0
0,0,1,1
0,0,3,3
0,0,0,0
0,0,0,0
0,0,3,3
0,0,0,0
0,0,5,5
0,0,0,0
0,0,0,0
0,0,0,0
0,0,0,0
0,0,7,7
0,0,0,0
0,0,0,0
0,0,0,0
0,0,0,0
0,0,0,0
0,0,0,0
0,0,0,0
0,0,0,0
0,0,0,0
0,0,0,0
0,0,0,0
0,0,0,0
0,0,0,0
0,0,0,0
0,0,0,0
0,0,0,0
0,0,0,0
0,0,0,0
0,0,0,0
0,0,0,0
0,0,0,0
0,0,0,0
0,0,0,0
0,0,0,0
0,0,0,0
0,0,0,0
0,0,0,0
0,0,0,0
0,0,0,0
0,0,0,0
0,0,0,0
0,0,0,0
0,0,0,0
0,0,0,0
0,0,0,0
0,0,0,0
0,0,0,0
0,0,0,0
0,0,0,0
0,0,0,0
0,0,0,0
0,0,0,0
0,0,0,0
0,0,0,0
0,0,0,0
0,0,0,0
0,0,0,0
0,0,0,0
0,0,0,0
0,0,0,0
0,0,0,0
0,0,0,0
0,0,0,0
0,0,0,0
0,0,0,0
0,0,0,0
0,0,0,0
0,0,0,0
0,0,0,0
0,0,0,0
0,0,0,0
0,0,0,0
0,0,0,0
0,0,0,0
0,0,0,0
0,0,0,0
0,0,0,0
0,0,0,0
0,0,0,0
0,0,0,0
0,0,0,0
0,0,0,0
0,0,0,0
0,0,0,0
0,0,0,0
0,0,0,0
0,0,0,0
0,0,0,0
0,0,0,0
0,0,0,0
0,0,0,0
0,0,0,0
0,0,0,0
0,0,0,0
0,0,0,0
0,0,0,0
0,0,0,0
0,0,0,0
0,0,0,0
0,0,0,0
0,0,0,0
0,0,0,0
0,0,0,0
0,0,0,0
0,0,0,0
0,0,0,0
0,0,0,0
0,0,0,0
0,0,0,0
0,0,0,0
0,0,0,0
0,0,0,0
0,0,0,0
0,0,0,0
0,0,0,0
0,0,1,1
0,0,0,0
0,0,0,0
0,0,0,0
0,0,0,0
0,0,0,0
0,0,0,0
0,0,0,0
0,0,0,0
0,0,0,0
0,0,0,0
0,0,0,0
0,0,0,0
0,0,5,5
0,0,0,0
0,0,0,0
0,0,1,1
0,0,2,2
0,0,0,0
0,0,1,1
0,0,0,0
0,0,1,1
0,0,0,0
0,0,0,0
0,0,0,0
0,0,0,0
0,0,0,0
0,0,0,0
0,0,0,0
0,0,0,0
0,0,3,3
0,0,0,0
0,0,0,0
0,0,0,0
0,0,0,0
0,0,4,4
0,0,0,0
0,0,8,8
0,0,0,0
0,0,0,0
0,0,0,0
0,0,2,2
1,0,8,17
0,0,0,0
0,0,0,0
0,0,0,0
0,0,0,0
0,0,9,9
0,0,4,4
0,0,13,13
0,0,3,3
0,0,0,0
0,0,0,0
0,0,0,0
0,0,1,1
1,0,13,22
0,0,1,1
0,0,1,1
0,0,1,1
0,0,8,8
0,0,8,8
0,0,0,0
0,0,0,0
0,0,1,1
0,0,1,1
0,0,0,0
0,0,0,0
0,0,0,0
0,0,0,0
0,0,0,0
0,0,2,2
0,0,0,0
0,0,0,0
0,0,1,1
0,0,0,0
0,0,0,0
0,0,6,6
0,0,4,4
1,0,6,16
0,0,3,3
0,0,10,10
0,0,0,0
0,0,0,0
0,0,1,1
0,0,4,4
0,0,0,0
0,0,8,8
0,0,2,2
0,0,6,6
0,0,0,0
0,0,0,0
0,0,8,8
0,0,0,0
0,0,2,2
0,0,0,0
1,0,8,16
0,0,15,15
0,0,0,0
0,0,8,8
0,0,4,4
0,0,2,2
0,0,0,0
0,0,0,0
0,0,0,0
0,0,1,1
0,0,0,0
0,0,2,2
0,0,2,2
0,0,6,6
0,0,0,0
0,0,0,0
0,0,0,0
0,0,0,0
0,0,1,1
0,0,1,1
0,0,0,0
0,0,1,1
0,0,0,0
0,0,0,0
0,0,5,5
0,0,1,1
0,0,0,0
0,0,0,0
0,0,1,1
0,0,3,3
0,0,0,0
0,0,0,0
0,0,4,4
1,0,5,21
0,0,0,0
0,0,11,11
0,0,0,0
0,0,0,0
0,0,13,13
1,0,13,18
1,0,13,30
0,0,0,0
0,0,0,0
0,0,9,9
0,0,0,0
0,0,0,0
0,0,0,0
0,0,0,0
0,0,2,2
0,0,6,6
0,0,0,0
0,0,14,14
0,0,2,2
0,0,1,1
0,0,0,0
0,0,7,7
0,0,0,0
0,0,0,0
0,0,4,4
0,0,0,0
0,0,0,0
0,0,0,0
0,0,0,0
0,0,0,0
0,0,0,0
0,0,0,0
0,0,0,0
0,0,1,1
0,0,2,2
0,0,0,0
0,0,0,0
0,0,0,0
0,0,1,1
0,0,0,0
0,0,0,0
0,0,0,0
0,0,4,4
0,0,0,0
0,0,0,0
0,0,0,0
0,0,0,0
0,0,0,0
0,0,0,0
0,0,0,0
0,0,0,0
0,0,0,0
0,0,0,0
0,0,0,0
0,0,0,0
0,0,0,0
0,0,0,0
0,0,0,0
0,0,0,0
0,0,0,0
0,0,0,0
0,0,0,0
0,0,0,0
0,0,0,0
0,0,0,0
0,0,0,0
0,0,0,0
0,0,0,0
0,0,0,0
0,0,0,0
0,0,0,0
0,0,0,0
0,0,0,0
0,0,0,0
0,0,0,0
0,0,0,0
0,0,0,0
0,0,0,0
0,0,0,0
0,0,0,0
0,0,0,0
0,0,0,0
0,0,0,0
0,0,0,0
0,0,0,0
0,0,0,0
0,0,0,0
0,0,0,0
0,0,0,0
0,0,0,0
0,0,0,0
0,0,0,0
0,0,0,0
0,0,0,0
0,0,0,0
0,0,0,0
0,0,0,0
0,0,0,0
0,0,0,0
0,0,0,0
0,0,0,0
0,0,0,0
0,0,0,0
0,0,0,0
0,0,0,0
0,0,0,0
0,0,0,0
0,0,0,0
0,0,0,0
0,0,0,0
0,0,0,0
0,0,0,0
0,0,0,0
0,0,0,0
0,0,0,0
0,0,0,0
0,0,0,0
0,0,0,0
0,0,0,0
0,0,0,0
0,0,0,0
0,0,0,0
0,0,0,0
0,0,0,0
0,0,0,0
0,0,0,0
0,0,0,0
0,0,0,0
0,0,0,0
0,0,0,0
0,0,0,0
0,0,0,0
0,0,0,0
0,0,0,0
0,0,0,0
0,0,0,0
0,0,0,0
0,0,0,0
0,0,0,0
0,0,0,0
0,0,0,0
0,0,0,0
0,0,0,0
0,0,0,0
0,0,0,0
0,0,0,0
0,0,0,0
0,0,0,0
0,0,0,0
0,0,0,0
0,0,0,0
0,0,0,0
0,0,0,0
0,0,0,0
0,0,0,0
0,0,0,0
0,0,0,0
0,0,0,0
0,0,0,0
0,0,0,0
0,0,0,0
0,0,0,0
0,0,0,0
0,0,0,0
0,0,0,0
0,0,0,0
0,0,0,0
0,0,0,0
0,0,0,0
0,0,0,0
0,0,0,0
0,0,0,0
0,0,0,0
0,0,0,0
0,0,0,0
0,0,0,0
0,0,0,0
0,0,0,0
0,0,0,0
0,0,1,1
0,0,0,0
0,0,0,0
1,0,1,20
0,0,0,0
0,0,0,0
0,0,14,14
0,0,7,7
0,0,1,1
0,0,11,11
0,0,9,9
0,0,0,0
0,0,0,0
0,0,3,3
1,0,14,46
0,0,5,5
0,0,0,0
0,0,0,0
0,0,0,0
0,0,0,0
0,0,1,1
0,0,3,3
0,0,6,6
0,0,0,0
0,0,0,0
0,0,0,0
0,0,9,9
0,0,5,5
0,0,7,7
0,0,0,0
0,0,2,2
0,0,2,2
0,0,4,4
0,0,2,2
0,0,0,0
0,0,0,0
0,0,9,9
0,0,2,2
0,0,7,7
0,0,4,4
0,0,0,0
0,0,1,1
0,0,0,0
0,0,0,0
0,0,0,0
0,0,8,8
0,0,6,6
0,0,8,8
1,0,8,31
0,0,0,0
0,0,0,0
0,0,0,0
0,0,1,1
0,0,8,8
0,0,4,4
0,0,0,0
0,0,3,3
0,0,0,0
0,0,0,0
0,0,3,3
0,0,3,3
0,0,0,0
0,0,6,6
0,0,1,1
0,0,0,0
0,0,0,0
0,0,0,0
0,0,0,0
0,0,0,0
0,0,0,0
0,0,0,0
0,0,0,0
0,0,0,0
0,0,0,0
0,0,0,0
0,0,1,1
0,0,8,8
0,0,0,0
0,0,7,7
0,0,1,1
0,0,5,5
0,0,1,1
0,0,0,0
1,0,8,17
0,0,2,2
0,0,2,2
0,0,12,12
0,0,0,0
0,0,6,6
0,0,0,0
0,0,0,0
0,0,5,5
0,0,0,0
0,0,1,1
0,0,3,3
0,0,0,0
0,0,1,1
0,0,3,3
0,0,1,1
0,0,1,1
0,0,3,3
0,0,0,0
0,0,5,5
0,0,1,1
1,0,5,21
0,0,0,0
0,0,8,8
0,0,10,10
0,0,0,0
0,0,11,11
0,0,0,0
0,0,2,2
0,0,2,2
0,0,2,2
0,0,9,9
0,0,0,0
0,0,0,0
0,0,8,8
0,0,0,0
0,0,0,0
0,0,0,0
0,0,0,0
0,0,0,0
0,0,0,0
0,0,0,0
0,0,1,1
0,0,2,2
0,0,0,0
0,0,0,0
0,0,3,3
0,0,0,0
0,0,0,0
0,0,1,1
0,0,0,0
0,0,0,0
0,0,0,0
0,0,7,7
0,0,0,0
0,0,0,0
0,0,7,7
0,0,1,1
0,0,12,12
0,0,0,0
0,0,0,0
0,0,0,0
0,0,0,0
0,0,0,0
0,0,0,0
0,0,2,2
0,0,1,1
0,0,5,5
0,0,0,0
0,0,0,0
0,0,0,0
0,0,0,0
0,0,0,0
0,0,0,0
0,0,0,0
0,0,0,0
0,0,0,0
0,0,0,0
0,0,0,0
0,0,0,0
0,0,0,0
0,0,0,0
0,0,0,0
0,0,0,0
0,0,0,0
0,0,0,0
0,0,2,2
0,0,0,0
0,0,0,0
0,0,0,0
0,0,0,0
0,0,1,1
0,0,0,0
0,0,0,0
0,0,0,0
0,0,0,0
0,0,0,0
0,0,0,0
0,0,0,0
0,0,0,0
0,0,0,0
0,0,0,0
0,0,0,0
0,0,0,0
0,0,0,0
0,0,0,0
0,0,0,0
0,0,0,0
0,0,0,0
0,0,0,0
0,0,0,0
0,0,0,0
0,0,0,0
0,0,0,0
0,0,0,0
0,0,0,0
0,0,0,0
0,0,0,0
0,0,0,0
0,0,0,0
0,0,0,0
0,0,0,0
0,0,0,0
0,0,0,0
0,0,0,0
0,0,0,0
0,0,0,0
0,0,0,0
0,0,0,0
0,0,0,0
0,0,0,0
0,0,0,0
0,0,0,0
0,0,0,0
0,0,0,0
0,0,0,0
0,0,0,0
0,0,0,0
0,0,0,0
0,0,0,0
0,0,0,0
0,0,0,0
0,0,0,0
0,0,0,0
0,0,0,0
0,0,0,0
0,0,0,0
0,0,0,0
0,0,0,0
0,0,0,0
0,0,0,0
0,0,0,0
0,0,0,0
0,0,0,0
0,0,0,0
0,0,0,0
0,0,0,0
0,0,0,0
0,0,0,0
0,0,0,0
0,0,0,0
0,0,0,0
0,0,0,0
0,0,0,0
0,0,0,0
0,0,0,0
0,0,0,0
0,0,0,0
0,0,0,0
0,0,0,0
0,0,0,0
0,0,0,0
0,0,0,0
0,0,0,0
0,0,0,0
0,0,1,1
0,0,1,1
0,0,0,0
0,0,0,0
0,0,0,0
0,0,0,0
0,0,0,0
0,0,0,0
0,0,0,0
0,0,0,0
0,0,0,0
0,0,4,4
0,0,0,0
0,0,0,0
0,0,0,0
0,0,0,0
0,0,0,0
0,0,0,0
0,0,0,0
0,0,1,1
0,0,0,0
0,0,0,0
0,0,2,2
0,0,0,0
0,0,1,1
0,0,3,3
0,0,0,0
0,0,0,0
0,0,2,2
0,0,1,1
0,0,0,0
0,0,0,0
0,0,0,0
0,0,2,2
0,0,0,0
0,0,7,7
0,0,6,6
0,0,8,8
0,0,0,0
0,0,0,0
0,0,1,1
0,0,2,2
0,0,0,0
0,0,6,6
0,0,4,4
0,0,9,9
0,0,0,0
0,0,0,0
0,0,9,9
0,0,1,1
0,0,10,10
0,0,3,3
0,0,5,5
0,0,1,1
0,0,9,9
0,0,4,4
0,0,1,1
0,0,4,4
0,0,0,0
0,0,4,4
0,0,8,8
0,0,2,2
0,0,1,1
0,0,1,1
0,0,11,11
0,0,0,0
0,0,6,6
0,0,4,4
0,0,0,0
0,0,1,1
0,0,2,2
0,0,10,10
0,0,2,2
0,0,0,0
0,0,10,10
0,0,2,2
0,0,8,8
0,0,0,0
0,0,3,3
0,0,0,0
0,0,2,2
0,0,8,8
0,0,2,2
0,0,0,0
0,0,0,0
0,0,1,1
0,0,5,5
0,0,0,0
0,0,0,0
0,0,2,2
1,0,8,16
0,0,0,0
0,0,12,12
0,0,0,0
0,0,14,14
0,0,1,1
0,0,0,0
0,0,3,3
1,0,14,24
0,0,0,0
0,0,7,7
0,0,1,1
0,0,2,2
0,0,4,4
0,0,2,2
0,0,2,2
0,0,0,0
0,0,1,1
0,0,0,0
0,0,4,4
0,0,1,1
0,0,4,4
0,0,5,5
0,0,0,0
1,0,5,17
0,0,3,3
0,0,8,8
1,0,8,20
0,0,0,0
0,0,1,1
0,0,12,12
0,0,1,1
1,0,12,24
1,0,12,57
0,0,0,0
0,0,0,0
0,0,4,4
0,0,3,3
0,0,3,3
1,0,12,21
0,0,3,3
0,0,2,2
1,0,12,35
0,0,9,9
0,0,0,0
0,0,1,1
0,0,1,1
0,0,4,4
1,0,12,23
0,0,1,1
0,0,0,0
0,0,0,0
0,0,0,0
0,0,0,0
0,0,0,0
0,0,1,1
0,0,2,2
0,0,0,0
0,0,0,0
0,0,0,0
0,0,1,1
0,0,0,0
0,0,0,0
0,0,1,1
0,0,8,8
0,0,0,0
0,0,0,0
1,0,8,72
1,0,8,75
0,0,11,11
0,0,0,0
0,0,0,0
0,0,6,6
0,0,3,3
0,0,0,0
0,0,0,0
0,0,0,0
0,0,0,0
0,0,0,0
0,0,0,0
0,0,0,0
0,0,1,1
0,0,0,0
0,0,3,3
0,0,0,0
0,0,0,0
0,0,3,3
0,0,2,2
0,0,9,9
0,0,0,0
0,0,0,0
0,0,0,0
0,0,0,0
0,0,2,2
0,0,0,0
0,0,0,0
0,0,0,0
0,0,1,1
0,0,0,0
0,0,0,0
0,0,2,2
0,0,0,0
0,0,0,0
0,0,0,0
0,0,0,0
0,0,0,0
0,0,0,0
0,0,0,0
0,0,0,0
0,0,0,0
0,0,0,0
0,0,0,0
0,0,0,0
0,0,0,0
0,0,0,0
0,0,0,0
0,0,0,0
0,0,0,0
0,0,0,0
0,0,0,0
0,0,0,0
0,0,0,0
0,0,0,0
0,0,0,0
0,0,0,0
0,0,0,0
0,0,0,0
0,0,0,0
0,0,0,0
0,0,0,0
0,0,0,0
0,0,0,0
0,0,0,0
0,0,0,0
0,0,0,0
0,0,0,0
0,0,0,0
0,0,0,0
0,0,0,0
0,0,0,0
0,0,0,0
0,0,0,0
0,0,0,0
0,0,0,0
0,0,0,0
0,0,0,0
0,0,0,0
0,0,0,0
0,0,0,0
0,0,1,1
0,0,0,0
0,0,0,0
0,0,0,0
0,0,0,0
0,0,0,0
0,0,0,0
0,0,0,0
0,0,0,0
0,0,0,0
0,0,0,0
0,0,0,0
0,0,0,0
0,0,0,0
0,0,0,0
0,0,0,0
0,0,0,0
0,0,0,0
0,0,0,0
0,0,0,0
0,0,0,0
0,0,0,0
0,0,0,0
0,0,0,0
0,0,0,0
0,0,0,0
0,0,0,0
0,0,0,0
0,0,0,0
0,0,0,0
0,0,0,0
0,0,0,0
0,0,0,0
0,0,0,0
0,0,0,0
0,0,0,0
0,0,0,0
0,0,0,0
0,0,0,0
0,0,0,0
0,0,0,0
0,0,0,0
0,0,0,0
0,0,0,0
0,0,0,0
0,0,0,0
0,0,0,0
0,0,0,0
0,0,0,0
0,0,0,0
0,0,0,0
0,0,0,0
0,0,0,0
0,0,0,0
0,0,0,0
0,0,0,0
0,0,0,0
0,0,0,0
0,0,0,0
0,0,0,0
0,0,0,0
0,0,0,0
0,0,0,0
0,0,0,0
0,0,8,8
0,0,0,0
0,0,0,0
0,0,0,0
0,0,2,2
0,0,7,7
0,0,0,0
0,0,0,0
0,0,1,1
0,0,0,0
0,0,1,1
0,0,1,1
0,0,5,5
0,0,5,5
0,0,0,0
0,0,0,0
0,0,0,0
0,0,0,0
0,0,0,0
0,0,0,0
0,0,0,0
0,0,2,2
0,0,5,5
0,0,1,1
0,0,0,0
0,0,1,1
0,0,0,0
0,0,5,5
0,0,2,2
0,0,3,3
0,0,5,5
0,0,1,1
0,0,4,4
0,0,10,10
0,0,0,0
0,0,1,1
0,0,0,0
0,0,1,1
1,0,10,16
0,0,1,1
0,0,0,0
0,0,1,1
0,0,0,0
0,0,13,13
0,0,3,3
0,0,0,0
0,0,0,0
0,0,0,0
0,0,8,8
0,0,1,1
0,0,9,9
0,0,0,0
0,0,0,0
0,0,15,15
0,0,0,0
0,0,5,5
0,0,7,7
0,0,2,2
0,0,0,0
0,0,2,2
0,0,0,0
0,0,1,1
0,0,0,0
0,0,1,1
0,0,2,2
0,0,2,2
0,0,0,0
0,0,1,1
0,0,0,0
0,0,2,2
0,0,10,10
0,0,0,0
0,0,0,0
0,0,0,0
0,0,0,0
0,0,10,10
0,0,7,7
1,0,10,16
0,0,9,9
1,0,10,36
1,0,10,21
0,0,0,0
0,0,10,10
0,0,0,0
0,0,0,0
0,0,0,0
0,0,0,0
0,0,0,0
0,0,0,0
0,0,0,0
0,0,0,0
0,0,1,1
1,0,10,21
1,0,10,19
0,0,3,3
0,0,0,0
0,0,6,6
0,0,2,2
0,0,0,0
0,0,7,7
0,0,0,0
0,0,1,1
0,0,3,3
0,0,14,14
0,0,3,3
0,0,0,0
0,0,3,3
0,0,0,0
0,0,0,0
0,0,9,9
0,0,2,2
0,0,0,0
0,0,0,0
0,0,2,2
0,0,3,3
1,0,9,23
0,0,1,1
0,0,0,0
0,0,0,0
0,0,2,2
0,0,6,6
0,0,0,0
0,0,2,2
0,0,5,5
0,0,0,0
0,0,3,3
0,0,0,0
0,0,0,0
0,0,0,0
0,0,2,2
0,0,0,0
0,0,0,0
0,0,0,0
0,0,1,1
0,0,0,0
0,0,0,0
0,0,0,0
0,0,4,4
0,0,3,3
0,0,6,6
0,0,0,0
0,0,14,14
1,0,14,17
0,0,0,0
1,0,14,18
0,0,2,2
0,0,7,7
0,0,0,0
0,0,0,0
0,0,0,0
0,0,0,0
0,0,8,8
0,0,8,8
0,0,7,7
0,0,0,0
0,0,1,1
0,0,0,0
0,0,6,6
0,0,2,2
0,0,1,1
0,0,2,2
0,0,11,11
0,0,0,0
0,0,0,0
0,0,1,1
0,0,4,4
0,0,9,9
0,0,0,0
0,0,1,1
0,0,0,0
0,0,0,0
0,0,2,2
0,0,2,2
0,0,4,4
0,0,0,0
0,0,0,0
0,0,0,0
0,0,0,0
0,0,0,0
0,0,1,1
0,0,0,0
0,0,0,0
0,0,0,0
0,0,0,0
0,0,0,0
0,0,0,0
0,0,0,0
0,0,0,0
0,0,0,0
0,0,0,0
0,0,0,0
0,0,0,0
0,0,0,0
0,0,0,0
0,0,0,0
0,0,0,0
0,0,0,0
0,0,0,0
0,0,0,0
0,0,0,0
0,0,0,0
